INSERT INTO ROLES(id,title) VALUES (10, 'Candidat')
INSERT INTO ROLES(id,title) VALUES (20, 'Recruiter')
INSERT INTO ROLES(id,title) VALUES (30, 'Manager')
INSERT INTO ROLES(id,title) VALUES (40, 'Angajat')
INSERT INTO ROLES(id,title) VALUES (50, 'Admin')
INSERT INTO USERS(id,first_name,last_name, email, password, birth_date) VALUES (10,'Gigel','Bobita','gigel.bobita@gmail.com','$2y$12$ZZwqcQAxSe5qSMJ/coCyAOSMhKUfHp63uFeaJgyeQLC06T6JGWNMy',TO_DATE('10/03/1997', 'DD/MM/YYYY'))
INSERT INTO USERS(id,first_name,last_name,email,password,birth_date) VALUES (20,'Marcel','Mihai','marcel.mihai@gmail.com','$2y$12$ZZwqcQAxSe5qSMJ/coCyAOSMhKUfHp63uFeaJgyeQLC06T6JGWNMy',TO_DATE('06/06/1996','DD/MM/YYYY'))
INSERT INTO USERS(id,first_name,last_name,email,password,birth_date) VALUES (30,'Alex','Mihai','alex.mihai@gmail.com','$2y$12$ZZwqcQAxSe5qSMJ/coCyAOSMhKUfHp63uFeaJgyeQLC06T6JGWNMy',TO_DATE('12/02/1994','DD/MM/YYYY'))
INSERT INTO USERS(id,first_name,last_name,email,password,birth_date) VALUES (40,'George','Constantin','george.constantin@gmail.com','$2y$12$ZZwqcQAxSe5qSMJ/coCyAOSMhKUfHp63uFeaJgyeQLC06T6JGWNMy',TO_DATE('07/05/1998','DD/MM/YYYY'))
INSERT INTO USERS(id,first_name,last_name,email,password,birth_date) VALUES (50,'Grigore','Auricula','grigore.auricula@gmail.com','$2y$12$ZZwqcQAxSe5qSMJ/coCyAOSMhKUfHp63uFeaJgyeQLC06T6JGWNMy',TO_DATE('11/01/1989','DD/MM/YYYY'))
INSERT INTO USERS(id,first_name,last_name,email,password,birth_date) VALUES (60,'Schek','Alex','schek.alex@gmail.com','$2y$12$ZZwqcQAxSe5qSMJ/coCyAOSMhKUfHp63uFeaJgyeQLC06T6JGWNMy',TO_DATE('12/01/1999','DD/MM/YYYY'))

INSERT INTO USERS(id,first_name,last_name,email,password,birth_date) VALUES (70,'Gabi','Marinica','gabi.marinica.alex@gmail.com','$2y$12$ZZwqcQAxSe5qSMJ/coCyAOSMhKUfHp63uFeaJgyeQLC06T6JGWNMy',TO_DATE('12/01/1999','DD/MM/YYYY'))
INSERT INTO USERS(id,first_name,last_name,email,password,birth_date) VALUES (80,'George','Cristi','george.cristi@gmail.com','$2y$12$ZZwqcQAxSe5qSMJ/coCyAOSMhKUfHp63uFeaJgyeQLC06T6JGWNMy',TO_DATE('12/01/1999','DD/MM/YYYY'))
INSERT INTO USERS(id,first_name,last_name,email,password,birth_date) VALUES (90,'Daniel','Alex','daniel.alex@gmail.com','$2y$12$ZZwqcQAxSe5qSMJ/coCyAOSMhKUfHp63uFeaJgyeQLC06T6JGWNMy',TO_DATE('12/01/1999','DD/MM/YYYY'))
INSERT INTO USERS(id,first_name,last_name,email,password,birth_date) VALUES (100,'Marius','Bogdan','marius.bogdan@gmail.com','$2y$12$ZZwqcQAxSe5qSMJ/coCyAOSMhKUfHp63uFeaJgyeQLC06T6JGWNMy',TO_DATE('12/01/1999','DD/MM/YYYY'))
INSERT INTO USERS(id,first_name,last_name,email,password,birth_date) VALUES (110,'Cristi','Marian','cristi.marian@gmail.com','$2y$12$ZZwqcQAxSe5qSMJ/coCyAOSMhKUfHp63uFeaJgyeQLC06T6JGWNMy',TO_DATE('12/01/1999','DD/MM/YYYY'))

INSERT INTO USERS_ROLE_LIST(users_id,role_list_id) VALUES (20,10)
INSERT INTO USERS_ROLE_LIST(users_id,role_list_id) VALUES (10,10)
INSERT INTO USERS_ROLE_LIST(users_id,role_list_id) VALUES (30,20)
INSERT INTO USERS_ROLE_LIST(users_id,role_list_id) VALUES (40,30)
INSERT INTO USERS_ROLE_LIST(users_id,role_list_id) VALUES (50,40)
INSERT INTO USERS_ROLE_LIST(users_id,role_list_id) VALUES (60,50)
-- INSERT INTO USERS_ROLE_LIST(users_id,role_list_id) VALUES (70,10)
-- INSERT INTO USERS_ROLE_LIST(users_id,role_list_id) VALUES (80,10)
-- INSERT INTO USERS_ROLE_LIST(users_id,role_list_id) VALUES (90,10)
-- INSERT INTO USERS_ROLE_LIST(users_id,role_list_id) VALUES (100,10)
-- INSERT INTO USERS_ROLE_LIST(users_id,role_list_id) VALUES (110,10)
INSERT INTO JOBPOSTS(id, title, revenue, education, experience, description, job_type) VALUES (10,'QV Tester','1600','liceu terminat','0-2-entry level',' The role of a QV Tester should be fullfilled by someone who must empathize with the end user and analyze the impact that a certain deviation from desired quality might have on the game. ','full time')
INSERT INTO JOBPOSTS(id, title, revenue, education, experience, description, job_type) VALUES (20,'Project Manager','7600','facultate','3-4','hhgngfm,hgffghfd','full time')
INSERT INTO JOBPOSTS(id, title, revenue, education, experience, description, job_type) VALUES (40,'QV Tester 2','1800','liceu','1-2','gfugbfdvjbdfvbuor','full time')
INSERT INTO JOBPOSTS(id, title, revenue, education, experience, description, job_type) VALUES (50,'Senior QV Tester','2000','facultate','2-3','gfugbfdvjbdfvbuor','full time')
INSERT INTO JOBPOSTS(id, title, revenue, education, experience, description, job_type) VALUES (60,'QA Manager','9000','facultate','2-5','gfugbfdvjbdfvbuor','full time')
INSERT INTO USER_JOBPOST(user_id, jobpost_id) VALUES (10, 10)
INSERT INTO USER_JOBPOST(user_id, jobpost_id) VALUES (20, 10)
INSERT INTO USER_JOBPOST(user_id, jobpost_id) VALUES (10, 50)
INSERT INTO USER_JOBPOST(user_id, jobpost_id) VALUES (30, 10)
INSERT INTO INTERVIEWS(id, user_id, job_id) VALUES (10, 10, 10)
INSERT INTO REVIEWS(id, body_language,communication_skills, opinion, hr_user_id, interview_id) VALUES (10, 'good','very good','dwefwegerhfdagaa',20,10)
INSERT INTO REVIEWS(id, body_language,communication_skills, opinion, hr_user_id, interview_id) VALUES (20, 'good','very good','dwefwegerhfdagaa',30,10)
INSERT INTO CVS( id,description,education,skills,user_id) VALUES (10,'dfsdfhtrrrghrh','liceu mihai viteazu','java',10)
INSERT INTO CVS (id,description,education,skills,user_id) VALUES (20,'rgefbsdfbsdbsdbsfbsf','liceu octav onicescu','python',20)
-- INSERT INTO CVS (id,description,education,skills,user_id) VALUES (30,'rgefbsdfbsdbsdbsfbsf','facultatea politehnica','spring',70)
-- INSERT INTO CVS (id,description,education,skills,user_id) VALUES (40,'rgefbsdfbsdbsdbsfbsf','universitatea romano-americana','react',80)
-- INSERT INTO CVS (id,description,education,skills,user_id) VALUES (50,'rgefbsdfbsdbsdbsfbsf','liceu octav onicescu','angular',90)
-- INSERT INTO CVS (id,description,education,skills,user_id) VALUES (60,'rgefbsdfbsdbsdbsfbsf','liceu octav onicescu','C#',100)
-- INSERT INTO CVS (id,description,education,skills,user_id) VALUES (70,'rgefbsdfbsdbsdbsfbsf','liceu octav onicescu','C++',110)
INSERT INTO EXPERIENCES(id,company_name,job_title,employment_duration,description,cv_id) VALUES (10, 'ELectronic Arts','QV Tester 2','9 months','hobbiesandrandom',10)
INSERT INTO EXPERIENCES(id,company_name,job_title,employment_duration,description,cv_id) VALUES (20, 'Ubisoft','QV Tester 2','9 months','hobbiesandrandom',10)
INSERT INTO EXPERIENCES(id,company_name,job_title,employment_duration,description,cv_id) VALUES (30, 'Amber','Software Tester','9 months','hobbiesandrandom',20)
INSERT INTO EMPLOYEES(id, first_name,last_name,job_title,role_id) VALUES (10, 'Marcel','viorel','employee',40)
